Numéro,Nom de Page,Lien image,Largeur,Longueur
0,plat supérieur,4170,5707
1,contreplat sup.,4104,5704
2,page de garde recto,3927,5591
3,page de garde verso,4037,5641
4,page de garde recto,3927,5591
5,page de garde verso,4037,5641
6,page de garde recto,3927,5591
7,page de garde verso,4025,5641
8,page de garde recto,3907,5521
9,page de garde verso,4025,5584
10,1r,3816,5521
11,1v,3872,5592
12,2r,3820,5550
13,2v,3872,5592
14,3r,3820,5550
15,3v,3904,5656
16,4r,3820,5550
17,4v,3892,5656
18,5r,3820,5535
19,5v,3904,5640
20,6r,3805,5535
21,6v,3904,5640
22,7r,3805,5535
23,7v,3889,5640
24,8r,3805,5535
25,8v,3889,5640
26,9r,3805,5535
27,9v,3873,5640
28,10r,3831,5535
29,10v,3873,5640
30,11r,3831,5547
31,11v,3873,5640
32,12r,3831,5547
33,12v,3848,5640
34,13r,3831,5553
35,13v,3873,5640
36,14r,3817,5547
37,14v,3825,5640
38,15r,3817,5535
39,15v,3842,5640
40,16r,3798,5535
41,16v,3842,5640
42,17r,3798,5535
43,17v,3836,5640
44,18r,3799,5535
45,18v,3836,5640
46,19r,3835,5590
47,19v,3869,5640
48,20r,3835,5590
49,20v,3869,5640
50,21r,3835,5590
51,21v,3823,5606
52,22r,3835,5590
53,22v,3797,5606
54,23r,3835,5590
55,23v,3806,5606
56,24r,3809,5590
57,24v,3806,5606
58,25r,3809,5590
59,25v,3867,5589
60,26r,3792,5576
61,26v,3842,5589
62,27r,3792,5591
63,27v,3793,5606
64,28r,3792,5599
65,28v,3816,5606
66,29r,3829,5599
67,29v,3830,5606
68,30r,3829,5599
69,30v,3808,5606
70,31r,3829,5599
71,31v,3808,5606
72,32r,3829,5599
73,32v,3808,5606
74,33r,3792,5596
75,33v,3808,5606
76,34r,3792,5596
77,34v,3840,5600
78,35r,3837,5651
79,35v,3840,5600
80,36r,3837,5651
81,36v,3840,5600
82,37r,3852,5651
83,37v,3840,5600
84,38r,3835,5651
85,38v,3809,5600
86,39r,3835,5651
87,39v,3809,5600
88,40r,3818,5651
89,40v,3809,5600
90,41r,3818,5651
91,41v,3809,5616
92,42r,3818,5651
93,42v,3809,5616
94,43r,3818,5651
95,43v,3831,5616
96,44r,3836,5636
97,44v,3823,5616
98,45r,3836,5636
99,45v,3797,5616
100,46r,3883,5636
101,46v,3805,5616
102,47r,3883,5636
103,47v,3805,5616
104,48r,3883,5636
105,48v,3805,5616
106,49r,3860,5647
107,49v,3808,5634
108,50r,3860,5647
109,50v,3853,5634
110,51r,3860,5647
111,51v,3805,5634
112,52r,3860,5647
113,52v,3805,5634
114,53r,3860,5647
115,53v,3805,5634
116,54r,3860,5647
117,54v,3805,5634
118,55r,3818,5647
119,55v,3805,5634
120,56r,3818,5647
121,56v,3805,5621
122,57r,3843,5647
123,57v,3792,5590
124,58r,3843,5647
125,58v,3793,5590
126,59r,3843,5647
127,59v,3800,5605
128,60r,3820,5647
129,60v,3800,5605
130,61r,3820,5647
131,61v,3813,5605
132,62r,3837,5647
133,62v,3813,5605
134,63r,3822,5647
135,63v,3813,5605
136,64r,3798,5647
137,64v,3757,5630
138,65r,3807,5635
139,65v,3757,5630
140,66r,3807,5635
141,66v,3850,5615
142,67r,3807,5635
143,67v,3788,5624
144,68r,3816,5635
145,68v,3780,5624
146,69r,3801,5595
147,69v,3780,5624
148,70r,3801,5595
149,70v,3827,5641
150,71r,3828,5621
151,71v,3854,5641
152,72r,3828,5621
153,72v,3854,5641
154,73r,3793,5621
155,73v,3854,5641
156,74r,3785,5621
157,74v,3821,5641
158,75r,3785,5621
159,75v,3821,5641
160,76r,3748,5621
161,76v,3786,5620
162,77r,3817,5621
163,77v,3828,5620
164,78r,3804,5621
165,78v,3828,5620
166,79r,3857,5646
167,79v,3828,5620
168,80r,3857,5646
169,80v,3828,5620
170,81r,3857,5646
171,81v,3828,5620
172,82r,3844,5646
173,82v,3828,5620
174,83r,3836,5646
175,83v,3792,5624
176,84r,3836,5646
177,84v,3800,5608
178,85r,3836,5646
179,85v,3835,5600
180,86r,3836,5646
181,86v,3808,5632
182,87r,3810,5617
183,87v,3803,5616
184,88r,3825,5652
185,88v,3803,5616
186,89r,3852,5652
187,89v,3803,5616
188,90r,3825,5652
189,90v,3803,5616
190,91r,3825,5652
191,91v,3803,5616
192,92r,3825,5652
193,92v,3803,5616
194,93r,3844,5652
195,93v,3772,5616
196,94r,3821,5652
197,94v,3775,5616
198,95r,3838,5634
199,95v,3752,5597
200,96r,3838,5634
201,96v,3832,5584
202,97r,3838,5634
203,97v,3832,5584
204,98r,3838,5634
205,98v,3832,5584
206,99r,3807,5634
207,99v,3832,5584
208,100r,3807,5634
209,100v,3832,5584
210,101r,3807,5634
211,101v,3832,5584
212,102r,3807,5634
213,102v,3832,5584
214,103r,3812,5634
215,103v,3832,5584
216,104r,3812,5634
217,104v,3832,5584
218,105r,3812,5634
219,105v,3832,5584
220,106r,3812,5634
221,106v,3832,5592
222,107r,3857,5678
223,107v,3832,5592
224,108r,3857,5678
225,108v,3832,5592
226,109r,3857,5678
227,109v,3857,5592
228,110r,3857,5678
229,110v,3825,5616
230,111r,3857,5655
231,111v,3825,5616
232,112r,3857,5672
233,112v,3825,5616
234,113r,3850,5644
235,113v,3796,5650
236,114r,3828,5658
237,114v,3840,5625
238,115r,3828,5658
239,115v,3844,5607
240,116r,3828,5658
241,116v,3844,5634
242,117r,3828,5658
243,117v,3830,5614
244,118r,3828,5658
245,118v,3830,5614
246,119r,3799,5658
247,119v,3830,5614
248,120r,3842,5658
249,120v,3830,5614
250,121r,3842,5658
251,121v,3830,5641
252,122r,3823,5658
253,122v,3801,5631
254,123r,3823,5658
255,123v,3800,5596
256,124r,3823,5658
257,124v,3800,5596
258,125r,3823,5658
259,125v,3800,5596
260,126r,3823,5658
261,126v,3800,5596
262,127r,3823,5658
263,127v,3782,5610
264,128r,3836,5658
265,128v,3782,5610
266,129r,3836,5622
267,129v,3782,5590
268,130r,3836,5622
269,130v,3782,5610
270,131r,3836,5622
271,131v,3810,5610
272,132r,3836,5622
273,132v,3810,5610
274,133r,3836,5622
275,133v,3810,5610
276,134r,3836,5622
277,134v,3810,5610
278,135r,3809,5622
279,135v,3833,5571
280,136r,3832,5622
281,136v,3802,5580
282,137r,3782,5622
283,137v,3802,5580
284,138r,3862,5647
285,138v,3796,5593
286,139r,3862,5675
287,139v,3796,5593
288,140r,3862,5675
289,140v,3796,5593
290,141r,3862,5675
291,141v,3796,5609
292,142r,3862,5675
293,142v,3796,5609
294,143r,3862,5675
295,143v,3796,5609
296,144r,3850,5675
297,144v,3815,5609
298,145r,3839,5654
299,145v,3815,5609
300,146r,3839,5654
301,146v,3815,5609
302,147r,3839,5654
303,147v,3815,5609
304,148r,3839,5654
305,148v,3815,5609
306,149r,3839,5654
307,149v,3836,5588
308,150r,3839,5654
309,150v,3836,5588
310,151r,3839,5654
311,151v,3801,5588
312,152r,3839,5654
313,152v,3801,5588
314,153r,3839,5654
315,153v,3801,5588
316,154r,3868,5639
317,154v,3801,5588
318,155r,3845,5639
319,155v,3801,5588
320,156r,3887,5652
321,156v,3801,5588
322,157r,3887,5722
323,157v,3801,5588
324,158r,3851,5709
325,158v,3801,5588
326,159r,3851,5709
327,159v,3801,5603
328,160r,3851,5709
329,160v,3801,5603
330,161r,3851,5709
331,161v,3801,5603
332,162r,3820,5709
333,162v,3801,5603
334,163r,3820,5709
335,163v,3846,5603
336,164r,3856,5669
337,164v,3846,5603
338,165r,3856,5669
339,165v,3833,5603
340,166r,3856,5657
341,166v,3833,5603
342,167r,3856,5657
343,167v,3833,5603
344,168r,3856,5657
345,168v,3833,5603
346,169r,3856,5657
347,169v,3833,5603
348,170r,3856,5657
349,170v,3833,5603
350,171r,3856,5657
351,171v,3833,5603
352,172r,3829,5657
353,172v,3833,5603
354,173r,3834,5696
355,173v,3833,5603
356,174r,3834,5696
357,174v,3833,5603
358,175r,3834,5696
359,175v,3833,5603
360,176r,3834,5696
361,176v,3833,5603
362,177r,3834,5696
363,177v,3833,5603
364,178r,3834,5696
365,178v,3833,5603
366,179r,3828,5696
367,179v,3833,5603
368,180r,3802,5696
369,180v,3833,5603
370,181r,3833,5696
371,181v,3833,5603
372,182r,3808,5680
373,182v,3833,5603
374,183r,3808,5680
375,183v,3833,5603
376,184r,3808,5680
377,184v,3833,5603
378,185r,3850,5649
379,185v,3833,5603
380,186r,3850,5649
381,186v,3833,5603
382,187r,3819,5696
383,187v,3833,5603
384,188r,3819,5696
385,188v,3833,5603
386,189r,3837,5671
387,189v,3833,5603
388,190r,3814,5647
389,190v,3833,5603
390,191r,3814,5647
391,191v,3833,5603
392,192r,3785,5647
393,192v,3833,5603
394,193r,3785,5703
395,193v,3833,5603
396,194r,3798,5658
397,194v,3833,5603
398,195r,3792,5648
399,195v,3833,5603
400,196r,3795,5648
401,196v,3833,5603
402,197r,3795,5656
403,197v,3812,5603
404,198r,3795,5656
405,198v,3833,5603
406,199r,3795,5656
407,199v,3833,5603
408,200r,3795,5656
409,200v,3833,5603
410,201r,3795,5656
411,201v,3833,5603
412,202r,3795,5656
413,202v,3833,5603
414,203r,3795,5652
415,203v,3833,5603
416,204r,3795,5652
417,204v,3833,5603
418,205r,3773,5632
419,205v,3833,5603
420,206r,3773,5654
421,206v,3833,5603
422,207r,3752,5654
423,207v,3833,5603
424,208r,3792,5631
425,208v,3833,5603
426,209r,3771,5631
427,209v,3833,5603
428,210r,3771,5631
429,210v,3833,5603
430,211r,3771,5631
431,211v,3833,5644
432,212r,3709,5694
433,212v,3848,5644
434,213r,3794,5694
435,213v,3801,5644
436,214r,3794,5694
437,214v,3801,5644
438,215r,3794,5694
439,215v,3832,5636
440,216r,3818,5694
441,216v,3832,5636
442,217r,3818,5694
443,217v,3832,5636
444,218r,3762,5760
445,218v,3832,5636
446,219r,3820,5712
447,219v,3832,5636
448,220r,3862,5712
449,220v,3832,5636
450,221r,3832,5707
451,221v,3855,5636
452,222r,3873,5662
453,222v,3855,5636
454,223r,3846,5662
455,223v,3855,5636
456,224r,3847,5640
457,224v,3855,5636
458,225r,3863,5640
459,225v,3855,5636
460,226r,3848,5684
461,226v,3855,5636
462,227r,3848,5684
463,227v,3860,5675
464,228r,3841,5664
465,228v,3860,5637
466,229r,3841,5664
467,229v,3860,5650
468,230r,3850,5688
469,230v,3860,5650
470,231r,3867,5688
471,231v,3860,5669
472,232r,3877,5713
473,232v,3860,5669
474,233r,3875,5675
475,233v,3860,5669
476,234r,3905,5672
477,234v,3860,5669
478,235r,3887,5672
479,235v,3872,5669
480,236r,3909,5640
481,236v,3860,5669
482,237r,3909,5640
483,237v,3889,5669
484,238r,3909,5640
485,238v,3873,5669
486,239r,3909,5640
487,239v,3873,5669
488,240r,3909,5640
489,240v,3873,5669
490,241r,3792,5681
491,241v,3859,5669
492,242r,3911,5640
493,242v,3859,5669
494,243r,3757,5720
495,243v,3859,5669
496,244r,3833,5696
497,244v,3859,5669
498,245r,3814,5674
499,245v,3836,5644
500,page de garde recto,3939,5630
501,page de garde verso,3876,5628
502,page de garde recto,3939,5630
503,page de garde verso,3888,5628
504,page de garde recto,3939,5630
505,page de garde verso,3951,5628
506,page de garde recto,3960,5630
507,page de garde verso,3951,5628
508,contreplat inf.,4154,5716
509,plat inférieur.,4256,5805
510,dos,1173,5666
511,tranche supérieure,4297,1692
512,gouttière,1620,5651
513,tranche inférieure,4273,1608
